byzantine = {
	
	color = hsv { 0 0.1 0.1 }

male_names = {
		Amyrteos Ankhmachis Anemhor Aratos Arganos Charias Djedhor Ezena Horemakhet Isocrates Khabbabash Leonippus Lydiadas Manetho Massiva
 		Nakhthoreb Naravas Nefaarud Neferibre Nesisti Nicias Nicodemus Oezalces Oxyntas Pedubast Peneus Perdiccas Philocrates 
		Philotheos Polyperchon Psherenamun Psherenptah Psammuthes Ptolemy Theocritus Therapon Timoleon Xanthos Xenon Zeteres Zosimus Ahmes
		Ahmose Alarus Amasus Ameny Bakenrenef Cleomenes Euclid Harsiotef Henut Ibi Khabash Lagus Nectanebo Kheperkare Neferkare Nehi Osorkon Pami
		Petubastis Teos Julius Ramesses Tutmoset Alexandir 
	}
		female_names = {
		Agape Agathoclea Amanishabheto Apame Apollonia Aristomache Aspacia Atheos Berenice Charis Cleopatra Cynna
		Demetria Elpis Eirene Eudocia Eunice Euphemia Eurydice Euthalia Hypatia Nysa Oenanthe Phila Phile Sostrate Stratonice Thais
		Theophila Thetima Thorakis Timo Arsinoe Lysandra Kiya Qelhata Kuya Thuya Barra Neffertiti
	}

	nickname = {
		NICKNAME_EPIPHANES
		NICKNAME_EUERGETES
		NICKNAME_EUPATOR
		NICKNAME_EUSEBES
		NICKNAME_KALLINIKOS
		NICKNAME_NEOS_DIONYSOS
		NICKNAME_NIKATOR
		NICKNAME_PHILADELPHOS
		NICKNAME_PHILOMETOR
		NICKNAME_PHILOPATOR
		NICKNAME_SOTER
		NICKNAME_THEOS
		NICKNAME_POLIORCETES
		NICKNAME_DOSON
		NICKNAME_GONATAS
		NICKNAME_KALOS
		NICKNAME_MEGAS
	}
	
	family = {
		
		Ahmid.Ahmid.Ahmid.Ahmid
		Anubai.Anubasi.Anubasia.Anubasid
		Galestus.Galestid.Galestid.Galestid
		Kenamus.Kenamid.Kenamid.Kenamid
		Naravid.Naravid.Naravid.Naravid
		Penamus.Penamid.Penamid.Penamid
		Senuid.Senuid.Senuid.Senuid
		Setnid.Setnid.Setnid.Setnid
		Arganid.Arganid.Arganid.Arganid
		Psammid.Psammid.Psammid.Psammid
		Philothid.Philothid.Philothid.Philothid
		Timolid.Timolid.Timolid.Timolid
		Zosid.Zosid.Zosid.Zosid
		Phileid.Phileid.Phileid.Phileid
		Nicodemid.Nicodemid.Nicodemid.Nicodemid
		Nefarid.Nefarid.Nefarid.Nefarid
		Bastid.Bastid.Bastid.Bastid
		Xeneid.Xeneid.Xeneid.Xeneid
		Naravid.Naravid.Naravid.Naravid
		Ezanid.Ezanid.Ezanid.Ezanid
		Ahmid.Ahmid.Ahmid.Ahmid
		Alarus.Alara.Alarid.Alarid
		Harsiotes.Harsiotes.Harsiotid.Harsiotid
		Henus.Hena.Henid.Henid
		Ibus.Iba.Ibid.Ibid
		Khabbash.Khabbash.Khabbashid.Khabbashid	
		Amasus.Amasa.Amasid.Amasid
		Nectanebo.Nectanebo.Nectanebid.Nectanebid
		Petubast.Petubast.Petubastes.Petubastid
		Djedhid.Djedhid.Djedhid.Djedhid
		Tachys.Tachya.Tachyes.Tachyid
		Mago.Mago.Mago.Magid
		}
	culture = {
	kem_rom = {}
	byz_rom = {}	
	}
	
	barbarian_names = { 
		# Paeonian Tribes
		AESTRAEI AGRIANES DERRONES DOBERES LAIAIOUS MYGDONES ODOMANTI PAIOPLAI SIRIOPAIONES TRIBALLI 

		# Thracian Tribes
		MAEDI PAETI SATRI DERSAEI KORPILOI KORELI NIPSAIOI SAPAIOI SINTEIS MELANOPHAGI MELANDITAE CEBRENII

		# Other
		PELASGOI
	}
	
	
	
	graphical_culture = roman_gfx
	ethnicities = {
		10 = roman
	}
}
